latitude,longitude,timestamp,Route,session_id
22.569091194663997,88.51602261896983,2025-03-18T10:32:11+05:30,Route1,ERQL115728WENTU
22.56863346628869,88.51581069415988,2025-03-18T10:32:21+05:30,Route1,ERQL115728WENTU
22.56821754040589,88.51580176372681,2025-03-18T10:32:31+05:30,Route1,ERQL115728WENTU
22.56778731137213,88.51564141863605,2025-03-18T10:32:41+05:30,Route1,ERQL115728WENTU
22.567424020163553,88.51552510662009,2025-03-18T10:32:51+05:30,Route1,ERQL115728WENTU
22.56725014816479,88.51545894705384,2025-03-18T10:33:01+05:30,Route1,ERQL115728WENTU
22.56731656133039,88.5154600445959,2025-03-18T10:33:11+05:30,Route1,ERQL115728WENTU
22.56671931022099,88.51533848642725,2025-03-18T10:33:21+05:30,Route1,ERQL115728WENTU
22.566091540495194,88.51511682487921,2025-03-18T10:33:31+05:30,Route1,ERQL115728WENTU
22.565699289650947,88.51494453144073,2025-03-18T10:33:41+05:30,Route1,ERQL115728WENTU
22.56533713404115,88.5148453024201,2025-03-18T10:33:51+05:30,Route1,ERQL115728WENTU
22.565087182525488,88.51474673658231,2025-03-18T10:34:01+05:30,Route1,ERQL115728WENTU
22.56445356130612,88.51458162229608,2025-03-18T10:34:11+05:30,Route1,ERQL115728WENTU
22.56421320285918,88.51456955463266,2025-03-18T10:34:21+05:30,Route1,ERQL115728WENTU
22.563946170756946,88.51446412631856,2025-03-18T10:34:31+05:30,Route1,ERQL115728WENTU
22.563340451701922,88.5143538676682,2025-03-18T10:34:41+05:30,Route1,ERQL115728WENTU
22.562911190807057,88.51418328815873,2025-03-18T10:34:51+05:30,Route1,ERQL115728WENTU
22.562542610117475,88.51398239306877,2025-03-18T10:35:01+05:30,Route1,ERQL115728WENTU
22.562012156630853,88.51387984199391,2025-03-18T10:35:11+05:30,Route1,ERQL115728WENTU
22.561664802796997,88.51368640403848,2025-03-18T10:35:21+05:30,Route1,ERQL115728WENTU
22.56131992322991,88.5136930319386,2025-03-18T10:35:31+05:30,Route1,ERQL115728WENTU
22.560917795228246,88.51350319150515,2025-03-18T10:35:41+05:30,Route1,ERQL115728WENTU
22.560281796275667,88.51340666602209,2025-03-18T10:35:51+05:30,Route1,ERQL115728WENTU
22.56004786531785,88.51332566769815,2025-03-18T10:36:01+05:30,Route1,ERQL115728WENTU
22.559820860179848,88.513268697522,2025-03-18T10:36:11+05:30,Route1,ERQL115728WENTU
22.559313505338487,88.51295863796406,2025-03-18T10:36:21+05:30,Route1,ERQL115728WENTU
22.558919266584567,88.51294059014413,2025-03-18T10:36:31+05:30,Route1,ERQL115728WENTU
22.558584940328323,88.5128055559884,2025-03-18T10:36:41+05:30,Route1,ERQL115728WENTU
22.55786077400252,88.51266609139441,2025-03-18T10:36:51+05:30,Route1,ERQL115728WENTU
22.5572019588699,88.51239442660187,2025-03-18T10:37:01+05:30,Route1,ERQL115728WENTU
22.556947714852594,88.51216749940613,2025-03-18T10:37:11+05:30,Route1,ERQL115728WENTU
22.556380548284842,88.51213244992823,2025-03-18T10:37:21+05:30,Route1,ERQL115728WENTU
22.556139310779752,88.51206447670484,2025-03-18T10:37:31+05:30,Route1,ERQL115728WENTU
22.555577669908654,88.51201168866976,2025-03-18T10:37:41+05:30,Route1,ERQL115728WENTU
22.55549261192682,88.51173214827577,2025-03-18T10:37:51+05:30,Route1,ERQL115728WENTU
22.55502236104246,88.5116850543277,2025-03-18T10:38:01+05:30,Route1,ERQL115728WENTU
22.554716679870705,88.51161994635015,2025-03-18T10:38:11+05:30,Route1,ERQL115728WENTU
22.554457840135566,88.51154717142617,2025-03-18T10:38:21+05:30,Route1,ERQL115728WENTU
22.553947580008465,88.51137828999936,2025-03-18T10:38:31+05:30,Route1,ERQL115728WENTU
22.55379018998997,88.51120217523646,2025-03-18T10:38:41+05:30,Route1,ERQL115728WENTU
22.553898268546284,88.51094735386368,2025-03-18T10:38:51+05:30,Route1,ERQL115728WENTU
22.554047467980364,88.51035905152878,2025-03-18T10:39:01+05:30,Route1,ERQL115728WENTU
22.554118319964417,88.50995020161383,2025-03-18T10:39:11+05:30,Route1,ERQL115728WENTU
22.554278296166114,88.50972136868779,2025-03-18T10:39:21+05:30,Route1,ERQL115728WENTU
22.554309284514837,88.5094759331796,2025-03-18T10:39:31+05:30,Route1,ERQL115728WENTU
22.554467944734437,88.5091017888119,2025-03-18T10:39:41+05:30,Route1,ERQL115728WENTU
22.554542148554695,88.50869934673688,2025-03-18T10:39:51+05:30,Route1,ERQL115728WENTU
22.554741892687808,88.50814085816273,2025-03-18T10:40:01+05:30,Route1,ERQL115728WENTU
22.554963624072258,88.50766810945197,2025-03-18T10:40:11+05:30,Route1,ERQL115728WENTU
22.555172593397746,88.50704865395903,2025-03-18T10:40:21+05:30,Route1,ERQL115728WENTU
22.55528331864729,88.50658093641141,2025-03-18T10:40:31+05:30,Route1,ERQL115728WENTU
22.55541550018418,88.50634311060776,2025-03-18T10:40:41+05:30,Route1,ERQL115728WENTU
22.555484777600316,88.50602749481322,2025-03-18T10:40:51+05:30,Route1,ERQL115728WENTU
22.55560968764242,88.50564903389784,2025-03-18T10:41:01+05:30,Route1,ERQL115728WENTU
22.55563094893256,88.50545979286005,2025-03-18T10:41:11+05:30,Route1,ERQL115728WENTU
22.55590225924045,88.50520860730262,2025-03-18T10:41:21+05:30,Route1,ERQL115728WENTU
22.555846409068785,88.50509701918861,2025-03-18T10:41:31+05:30,Route1,ERQL115728WENTU
22.55600145857397,88.50443861985025,2025-03-18T10:41:41+05:30,Route1,ERQL115728WENTU
22.556110311815736,88.50424881456968,2025-03-18T10:41:51+05:30,Route1,ERQL115728WENTU
22.55628485769578,88.50371823116905,2025-03-18T10:42:01+05:30,Route1,ERQL115728WENTU
22.55641173954172,88.50335442736741,2025-03-18T10:42:11+05:30,Route1,ERQL115728WENTU
22.556576314162868,88.50306532705292,2025-03-18T10:42:21+05:30,Route1,ERQL115728WENTU
22.556636950302963,88.50270890095635,2025-03-18T10:42:31+05:30,Route1,ERQL115728WENTU
22.556749852319623,88.50242908878852,2025-03-18T10:42:41+05:30,Route1,ERQL115728WENTU
22.556755216290796,88.50210821522683,2025-03-18T10:42:51+05:30,Route1,ERQL115728WENTU
22.556833452235452,88.50188159957452,2025-03-18T10:43:01+05:30,Route1,ERQL115728WENTU
22.556908621394495,88.50136770412973,2025-03-18T10:43:11+05:30,Route1,ERQL115728WENTU
22.557220212233847,88.500762647942,2025-03-18T10:43:21+05:30,Route1,ERQL115728WENTU
22.557436469156933,88.50025929046308,2025-03-18T10:43:31+05:30,Route1,ERQL115728WENTU
22.557543608694193,88.49968727576947,2025-03-18T10:43:41+05:30,Route1,ERQL115728WENTU
22.55776171362124,88.49931214380706,2025-03-18T10:43:51+05:30,Route1,ERQL115728WENTU
22.557866060193493,88.49867059432893,2025-03-18T10:44:01+05:30,Route1,ERQL115728WENTU
22.55795432670781,88.49846339802673,2025-03-18T10:44:11+05:30,Route1,ERQL115728WENTU
22.558090681423405,88.49818504190455,2025-03-18T10:44:21+05:30,Route1,ERQL115728WENTU
22.55820289289349,88.49790406305556,2025-03-18T10:44:31+05:30,Route1,ERQL115728WENTU
22.558279989165097,88.49763773120708,2025-03-18T10:44:41+05:30,Route1,ERQL115728WENTU
22.558415565596395,88.49727358713301,2025-03-18T10:44:51+05:30,Route1,ERQL115728WENTU
22.558604121826846,88.49686072268742,2025-03-18T10:45:01+05:30,Route1,ERQL115728WENTU
22.558571981154454,88.49657300041235,2025-03-18T10:45:11+05:30,Route1,ERQL115728WENTU
22.558857310858816,88.49616999148623,2025-03-18T10:45:21+05:30,Route1,ERQL115728WENTU
22.55886132000143,88.49593083266427,2025-03-18T10:45:31+05:30,Route1,ERQL115728WENTU
22.559094599924876,88.49543071526455,2025-03-18T10:45:41+05:30,Route1,ERQL115728WENTU
22.559158602833644,88.49497964836382,2025-03-18T10:45:51+05:30,Route1,ERQL115728WENTU
22.55930796760733,88.49446573715,2025-03-18T10:46:01+05:30,Route1,ERQL115728WENTU
22.559442783019986,88.49424232125318,2025-03-18T10:46:11+05:30,Route1,ERQL115728WENTU
22.559564799746887,88.49393013983172,2025-03-18T10:46:21+05:30,Route1,ERQL115728WENTU
22.559653235364824,88.49357313241899,2025-03-18T10:46:31+05:30,Route1,ERQL115728WENTU
22.559753123807404,88.49324053552073,2025-03-18T10:46:41+05:30,Route1,ERQL115728WENTU
22.55973380077691,88.49297981665927,2025-03-18T10:46:51+05:30,Route1,ERQL115728WENTU
22.559953134536293,88.49281705982685,2025-03-18T10:47:01+05:30,Route1,ERQL115728WENTU
22.559852377619393,88.49258886307439,2025-03-18T10:47:11+05:30,Route1,ERQL115728WENTU
22.560142517984804,88.49214561354279,2025-03-18T10:47:21+05:30,Route1,ERQL115728WENTU
22.560347576689495,88.49157346931702,2025-03-18T10:47:31+05:30,Route1,ERQL115728WENTU
22.56031510043186,88.49177120212357,2025-03-18T10:47:41+05:30,Route1,ERQL115728WENTU
22.560577929535842,88.49123482174491,2025-03-18T10:47:51+05:30,Route1,ERQL115728WENTU
22.56075348703138,88.49081276705544,2025-03-18T10:48:01+05:30,Route1,ERQL115728WENTU
22.561138960079052,88.49031200166291,2025-03-18T10:48:11+05:30,Route1,ERQL115728WENTU
22.561452161867194,88.48992884159702,2025-03-18T10:48:21+05:30,Route1,ERQL115728WENTU
22.561771076198237,88.48934954681727,2025-03-18T10:48:31+05:30,Route1,ERQL115728WENTU
22.561843516118678,88.48920966928802,2025-03-18T10:48:41+05:30,Route1,ERQL115728WENTU
22.561918847314626,88.48924169715951,2025-03-18T10:48:51+05:30,Route1,ERQL115728WENTU
22.562155124256066,88.4887407914564,2025-03-18T10:49:01+05:30,Route1,ERQL115728WENTU
22.562182730460794,88.48879485708198,2025-03-18T10:49:11+05:30,Route1,ERQL115728WENTU
22.56218258700385,88.48846025293687,2025-03-18T10:49:21+05:30,Route1,ERQL115728WENTU
22.562486155354065,88.48845949592805,2025-03-18T10:49:31+05:30,Route1,ERQL115728WENTU
22.56269841683032,88.48801127656156,2025-03-18T10:49:41+05:30,Route1,ERQL115728WENTU
22.562891869693424,88.4875755606896,2025-03-18T10:49:51+05:30,Route1,ERQL115728WENTU
22.563017859068058,88.4872609467543,2025-03-18T10:50:01+05:30,Route1,ERQL115728WENTU
22.563120209427964,88.4871372970996,2025-03-18T10:50:11+05:30,Route1,ERQL115728WENTU
22.563372616265124,88.48684264442443,2025-03-18T10:50:21+05:30,Route1,ERQL115728WENTU
22.56347332342126,88.48651619074235,2025-03-18T10:50:31+05:30,Route1,ERQL115728WENTU
22.563649143186208,88.48643007415671,2025-03-18T10:50:41+05:30,Route1,ERQL115728WENTU
22.56398014771721,88.4858982241526,2025-03-18T10:50:51+05:30,Route1,ERQL115728WENTU
22.564107462262815,88.4856697749982,2025-03-18T10:51:01+05:30,Route1,ERQL115728WENTU
22.564199059823856,88.48558965463121,2025-03-18T10:51:11+05:30,Route1,ERQL115728WENTU
22.56449728706399,88.48488306315858,2025-03-18T10:51:21+05:30,Route1,ERQL115728WENTU
22.564804574251593,88.48438624234245,2025-03-18T10:51:31+05:30,Route1,ERQL115728WENTU
22.565041848466915,88.48424646751903,2025-03-18T10:51:41+05:30,Route1,ERQL115728WENTU
22.565085179289255,88.48406975172747,2025-03-18T10:51:51+05:30,Route1,ERQL115728WENTU
22.565321435196683,88.4840868390778,2025-03-18T10:52:01+05:30,Route1,ERQL115728WENTU
22.56545036561795,88.4839436645974,2025-03-18T10:52:11+05:30,Route1,ERQL115728WENTU
22.565782203372276,88.48380784476228,2025-03-18T10:52:21+05:30,Route1,ERQL115728WENTU
22.56593470965532,88.48380686561029,2025-03-18T10:52:31+05:30,Route1,ERQL115728WENTU
22.56653244709068,88.48358553939795,2025-03-18T10:52:41+05:30,Route1,ERQL115728WENTU
22.566851691256876,88.48333200301863,2025-03-18T10:52:51+05:30,Route1,ERQL115728WENTU
22.567392620709523,88.48320187219645,2025-03-18T10:53:01+05:30,Route1,ERQL115728WENTU
22.56782830638115,88.48287810747274,2025-03-18T10:53:11+05:30,Route1,ERQL115728WENTU
22.568064886143894,88.48284654493773,2025-03-18T10:53:21+05:30,Route1,ERQL115728WENTU
22.568343374778934,88.4825776416144,2025-03-18T10:53:31+05:30,Route1,ERQL115728WENTU
22.568929367899607,88.4824249838698,2025-03-18T10:53:41+05:30,Route1,ERQL115728WENTU
22.569501031082726,88.48222147724198,2025-03-18T10:53:51+05:30,Route1,ERQL115728WENTU
22.569803750821144,88.48198007281962,2025-03-18T10:54:01+05:30,Route1,ERQL115728WENTU
22.569793123284587,88.4819932899702,2025-03-18T10:54:11+05:30,Route1,ERQL115728WENTU
22.57040170330006,88.48163696777783,2025-03-18T10:54:21+05:30,Route1,ERQL115728WENTU
22.570519528678663,88.48168087016415,2025-03-18T10:54:31+05:30,Route1,ERQL115728WENTU
22.570819719214523,88.48152486795925,2025-03-18T10:54:41+05:30,Route1,ERQL115728WENTU
22.571111159139758,88.48146614474933,2025-03-18T10:54:51+05:30,Route1,ERQL115728WENTU
22.571285868928946,88.48140789872957,2025-03-18T10:55:01+05:30,Route1,ERQL115728WENTU
22.571490872664214,88.48125164384919,2025-03-18T10:55:11+05:30,Route1,ERQL115728WENTU
22.571898345571483,88.4811871166603,2025-03-18T10:55:21+05:30,Route1,ERQL115728WENTU
22.571882387723345,88.48118003986144,2025-03-18T10:55:31+05:30,Route1,ERQL115728WENTU
22.572451463643105,88.48084923033332,2025-03-18T10:55:41+05:30,Route1,ERQL115728WENTU
22.57254708917608,88.48070118191413,2025-03-18T10:55:51+05:30,Route1,ERQL115728WENTU
22.57286164744892,88.48063062617496,2025-03-18T10:56:01+05:30,Route1,ERQL115728WENTU
22.573338329751525,88.48048342359175,2025-03-18T10:56:11+05:30,Route1,ERQL115728WENTU
22.573740552231026,88.48021843510207,2025-03-18T10:56:21+05:30,Route1,ERQL115728WENTU
22.574239903005715,88.48010878084517,2025-03-18T10:56:31+05:30,Route1,ERQL115728WENTU
22.574701422887955,88.47981445601965,2025-03-18T10:56:41+05:30,Route1,ERQL115728WENTU
22.574761750733515,88.4799038502299,2025-03-18T10:56:51+05:30,Route1,ERQL115728WENTU
22.574971021983394,88.48004020917165,2025-03-18T10:57:01+05:30,Route1,ERQL115728WENTU
22.5751228281149,88.48031795422617,2025-03-18T10:57:11+05:30,Route1,ERQL115728WENTU
22.575465907336188,88.48069292422451,2025-03-18T10:57:21+05:30,Route1,ERQL115728WENTU
22.57579500449534,88.48107718963854,2025-03-18T10:57:31+05:30,Route1,ERQL115728WENTU
22.5761337749164,88.48126118532946,2025-03-18T10:57:41+05:30,Route1,ERQL115728WENTU
22.576171142794742,88.48143922229178,2025-03-18T10:57:51+05:30,Route1,ERQL115728WENTU
22.576355060182404,88.48186548832723,2025-03-18T10:58:01+05:30,Route1,ERQL115728WENTU
22.576483987236507,88.48170483474621,2025-03-18T10:58:11+05:30,Route1,ERQL115728WENTU
22.576876831512628,88.48224096476224,2025-03-18T10:58:21+05:30,Route1,ERQL115728WENTU
22.577084801015896,88.48246506095938,2025-03-18T10:58:31+05:30,Route1,ERQL115728WENTU
22.57722939729902,88.48252033868698,2025-03-18T10:58:41+05:30,Route1,ERQL115728WENTU
22.5774055786712,88.48283378834117,2025-03-18T10:58:51+05:30,Route1,ERQL115728WENTU
22.577790925858494,88.4831122658145,2025-03-18T10:59:01+05:30,Route1,ERQL115728WENTU
22.577855634086543,88.48331729997665,2025-03-18T10:59:11+05:30,Route1,ERQL115728WENTU
22.577880196292583,88.48355750776682,2025-03-18T10:59:21+05:30,Route1,ERQL115728WENTU
22.57816127438487,88.48367133589772,2025-03-18T10:59:31+05:30,Route1,ERQL115728WENTU
22.578408258219234,88.48392960462684,2025-03-18T10:59:41+05:30,Route1,ERQL115728WENTU
22.578850526197943,88.48441936130962,2025-03-18T10:59:51+05:30,Route1,ERQL115728WENTU
22.579095047220886,88.48480140080244,2025-03-18T11:00:01+05:30,Route1,ERQL115728WENTU
22.57916998876082,88.48489853385377,2025-03-18T11:00:11+05:30,Route1,ERQL115728WENTU
22.579505635009667,88.48503837560793,2025-03-18T11:00:21+05:30,Route1,ERQL115728WENTU
22.579467724466358,88.4850755509907,2025-03-18T11:00:31+05:30,Route1,ERQL115728WENTU
22.57965183301356,88.48527664688072,2025-03-18T11:00:41+05:30,Route1,ERQL115728WENTU
22.5799687799614,88.48564124861139,2025-03-18T11:00:51+05:30,Route1,ERQL115728WENTU
22.58020086055215,88.48595410316796,2025-03-18T11:01:01+05:30,Route1,ERQL115728WENTU
22.58045478189759,88.48618057243925,2025-03-18T11:01:11+05:30,Route1,ERQL115728WENTU
22.58075258533723,88.48651945510983,2025-03-18T11:01:21+05:30,Route1,ERQL115728WENTU
22.580932196268773,88.48668729346457,2025-03-18T11:01:31+05:30,Route1,ERQL115728WENTU
22.58111040886194,88.48695526468236,2025-03-18T11:01:41+05:30,Route1,ERQL115728WENTU
22.581207950205936,88.48705598529295,2025-03-18T11:01:51+05:30,Route1,ERQL115728WENTU
22.581439849753572,88.48730733595085,2025-03-18T11:02:01+05:30,Route1,ERQL115728WENTU
22.581781308983196,88.48771561386798,2025-03-18T11:02:11+05:30,Route1,ERQL115728WENTU
22.581899010795198,88.48793625456653,2025-03-18T11:02:21+05:30,Route1,ERQL115728WENTU
22.582006773441545,88.48806215236357,2025-03-18T11:02:31+05:30,Route1,ERQL115728WENTU
22.582314659407572,88.48841464267241,2025-03-18T11:02:41+05:30,Route1,ERQL115728WENTU
22.582425677909644,88.48842051260567,2025-03-18T11:02:51+05:30,Route1,ERQL115728WENTU
22.582704975366532,88.4886496828168,2025-03-18T11:03:01+05:30,Route1,ERQL115728WENTU
22.583064506125222,88.48915513129123,2025-03-18T11:03:11+05:30,Route1,ERQL115728WENTU
22.583223535149003,88.4894347591752,2025-03-18T11:03:21+05:30,Route1,ERQL115728WENTU
22.583598769563867,88.48975379297474,2025-03-18T11:03:31+05:30,Route1,ERQL115728WENTU
22.583736110764466,88.4898583275093,2025-03-18T11:03:41+05:30,Route1,ERQL115728WENTU
22.584078210137793,88.48956174017007,2025-03-18T11:03:51+05:30,Route1,ERQL115728WENTU
22.584387134122174,88.48932882155293,2025-03-18T11:04:01+05:30,Route1,ERQL115728WENTU
22.584667798067777,88.48875403999091,2025-03-18T11:04:11+05:30,Route1,ERQL115728WENTU
22.584801749233783,88.48874997436951,2025-03-18T11:04:21+05:30,Route1,ERQL115728WENTU
22.585041116768014,88.48844264930472,2025-03-18T11:04:31+05:30,Route1,ERQL115728WENTU
22.585420069906956,88.48815563881305,2025-03-18T11:04:41+05:30,Route1,ERQL115728WENTU
22.585931899120293,88.48768063340731,2025-03-18T11:04:51+05:30,Route1,ERQL115728WENTU
22.586129251925833,88.48767126152461,2025-03-18T11:05:01+05:30,Route1,ERQL115728WENTU
22.586154311753837,88.48730219287233,2025-03-18T11:05:11+05:30,Route1,ERQL115728WENTU
22.586485576581932,88.48708216409204,2025-03-18T11:05:21+05:30,Route1,ERQL115728WENTU
22.58671458969975,88.48688711815794,2025-03-18T11:05:31+05:30,Route1,ERQL115728WENTU
22.58707803279367,88.4864201286498,2025-03-18T11:05:41+05:30,Route1,ERQL115728WENTU
22.58750258026946,88.48618148657772,2025-03-18T11:05:51+05:30,Route1,ERQL115728WENTU
22.587774510926682,88.48598451465205,2025-03-18T11:06:01+05:30,Route1,ERQL115728WENTU
22.588170903152662,88.48549740471526,2025-03-18T11:06:11+05:30,Route1,ERQL115728WENTU
22.588410813852768,88.48529268429456,2025-03-18T11:06:21+05:30,Route1,ERQL115728WENTU
22.588658051704865,88.4849253128292,2025-03-18T11:06:31+05:30,Route1,ERQL115728WENTU
22.588758094484234,88.4847316582526,2025-03-18T11:06:41+05:30,Route1,ERQL115728WENTU
22.58930983488687,88.48436440233559,2025-03-18T11:06:51+05:30,Route1,ERQL115728WENTU
22.589545403650895,88.48412660544966,2025-03-18T11:07:01+05:30,Route1,ERQL115728WENTU
22.58966327733786,88.48385932558404,2025-03-18T11:07:11+05:30,Route1,ERQL115728WENTU
22.589975842510817,88.48356378991741,2025-03-18T11:07:21+05:30,Route1,ERQL115728WENTU
22.59026573938946,88.4832767243903,2025-03-18T11:07:31+05:30,Route1,ERQL115728WENTU
22.590580283314036,88.48318493283784,2025-03-18T11:07:41+05:30,Route1,ERQL115728WENTU
22.59019391048775,88.48285749961656,2025-03-18T11:07:51+05:30,Route1,ERQL115728WENTU
22.589905598429844,88.48237862165217,2025-03-18T11:08:01+05:30,Route1,ERQL115728WENTU
22.589587254240904,88.48217609184724,2025-03-18T11:08:11+05:30,Route1,ERQL115728WENTU
22.589431017462548,88.48200254913661,2025-03-18T11:08:21+05:30,Route1,ERQL115728WENTU
22.589026160610235,88.48159132567423,2025-03-18T11:08:31+05:30,Route1,ERQL115728WENTU
22.58893233148217,88.48148537781242,2025-03-18T11:08:41+05:30,Route1,ERQL115728WENTU
22.588775022800323,88.48120628771892,2025-03-18T11:08:51+05:30,Route1,ERQL115728WENTU
22.588272792687988,88.48079202077474,2025-03-18T11:09:01+05:30,Route1,ERQL115728WENTU
22.588037186322445,88.48064856911162,2025-03-18T11:09:11+05:30,Route1,ERQL115728WENTU
22.588094305825884,88.4805833069804,2025-03-18T11:09:21+05:30,Route1,ERQL115728WENTU
22.587673559492547,88.4802516559838,2025-03-18T11:09:31+05:30,Route1,ERQL115728WENTU
22.587418058542415,88.48004222933832,2025-03-18T11:09:41+05:30,Route1,ERQL115728WENTU
22.58705931560694,88.47956107674997,2025-03-18T11:09:51+05:30,Route1,ERQL115728WENTU
22.587043493184332,88.47962434442377,2025-03-18T11:10:01+05:30,Route1,ERQL115728WENTU
22.587134108342987,88.47879503209663,2025-03-18T11:10:11+05:30,Route1,ERQL115728WENTU
22.587129947527544,88.4782329998319,2025-03-18T11:10:21+05:30,Route1,ERQL115728WENTU
22.587110560050913,88.47800975016742,2025-03-18T11:10:31+05:30,Route1,ERQL115728WENTU
22.58721263582442,88.47780841914187,2025-03-18T11:10:41+05:30,Route1,ERQL115728WENTU
22.587225375387213,88.47743953508507,2025-03-18T11:10:51+05:30,Route1,ERQL115728WENTU
22.587128882510047,88.47679637355793,2025-03-18T11:11:01+05:30,Route1,ERQL115728WENTU
22.587249871872213,88.47669390530871,2025-03-18T11:11:11+05:30,Route1,ERQL115728WENTU
22.587225961072207,88.47613774142542,2025-03-18T11:11:21+05:30,Route1,ERQL115728WENTU
22.58718625616554,88.47570249905289,2025-03-18T11:11:31+05:30,Route1,ERQL115728WENTU
22.587385884111953,88.47537455561519,2025-03-18T11:11:41+05:30,Route1,ERQL115728WENTU
22.587352362284953,88.47506304104343,2025-03-18T11:11:51+05:30,Route1,ERQL115728WENTU
22.587454174983197,88.47487940856763,2025-03-18T11:12:01+05:30,Route1,ERQL115728WENTU
22.5875302040377,88.47488014470196,2025-03-18T11:12:11+05:30,Route1,ERQL115728WENTU
22.587868324392193,88.4746712497498,2025-03-18T11:12:21+05:30,Route1,ERQL115728WENTU
22.588047379931403,88.47462864182717,2025-03-18T11:12:31+05:30,Route1,ERQL115728WENTU
22.5884918897808,88.4745960472734,2025-03-18T11:12:41+05:30,Route1,ERQL115728WENTU
22.58882809280388,88.47428527396937,2025-03-18T11:12:51+05:30,Route1,ERQL115728WENTU
22.58904719532134,88.47437696926204,2025-03-18T11:13:01+05:30,Route1,ERQL115728WENTU
22.5890815455762,88.47427557192577,2025-03-18T11:13:11+05:30,Route1,ERQL115728WENTU
22.58970461079282,88.47406394066206,2025-03-18T11:13:21+05:30,Route1,ERQL115728WENTU
22.590157496916405,88.47395691425015,2025-03-18T11:13:31+05:30,Route1,ERQL115728WENTU
22.59028243274246,88.47394698279948,2025-03-18T11:13:41+05:30,Route1,ERQL115728WENTU
22.590691717583827,88.47378955213549,2025-03-18T11:13:51+05:30,Route1,ERQL115728WENTU
22.59083465682614,88.47368323494459,2025-03-18T11:14:01+05:30,Route1,ERQL115728WENTU
22.5910324440835,88.47356645376385,2025-03-18T11:14:11+05:30,Route1,ERQL115728WENTU
22.59167102520766,88.47352448532592,2025-03-18T11:14:21+05:30,Route1,ERQL115728WENTU
22.5922076508946,88.47331932064776,2025-03-18T11:14:31+05:30,Route1,ERQL115728WENTU
22.592426717108353,88.47319421841371,2025-03-18T11:14:41+05:30,Route1,ERQL115728WENTU
22.592377723970582,88.47323171476933,2025-03-18T11:14:51+05:30,Route1,ERQL115728WENTU
22.592634645481265,88.47313318546617,2025-03-18T11:15:01+05:30,Route1,ERQL115728WENTU
22.592897181106967,88.4730416192757,2025-03-18T11:15:11+05:30,Route1,ERQL115728WENTU
22.593090318111823,88.47300670066375,2025-03-18T11:15:21+05:30,Route1,ERQL115728WENTU
22.593167083393443,88.47295364827119,2025-03-18T11:15:31+05:30,Route1,ERQL115728WENTU
22.593694920333025,88.47282477472731,2025-03-18T11:15:41+05:30,Route1,ERQL115728WENTU
22.594304425366627,88.47258515344879,2025-03-18T11:15:51+05:30,Route1,ERQL115728WENTU
22.59439156707943,88.47255913561673,2025-03-18T11:16:01+05:30,Route1,ERQL115728WENTU
22.594477606270544,88.47254635638592,2025-03-18T11:16:11+05:30,Route1,ERQL115728WENTU
22.594892122068707,88.47240439178472,2025-03-18T11:16:21+05:30,Route1,ERQL115728WENTU
22.594992022878774,88.47229807241956,2025-03-18T11:16:31+05:30,Route1,ERQL115728WENTU
22.595403831997203,88.4723491694167,2025-03-18T11:16:41+05:30,Route1,ERQL115728WENTU
22.59570780896721,88.47209438185757,2025-03-18T11:16:51+05:30,Route1,ERQL115728WENTU
22.595908919507064,88.47204900983661,2025-03-18T11:17:01+05:30,Route1,ERQL115728WENTU
22.596296898676513,88.47189073611821,2025-03-18T11:17:11+05:30,Route1,ERQL115728WENTU
22.59637232372335,88.47181709832569,2025-03-18T11:17:21+05:30,Route1,ERQL115728WENTU
22.596609846319403,88.47172025705208,2025-03-18T11:17:31+05:30,Route1,ERQL115728WENTU
22.596758794866883,88.47174451985882,2025-03-18T11:17:41+05:30,Route1,ERQL115728WENTU
22.59684594106689,88.47169682778929,2025-03-18T11:17:51+05:30,Route1,ERQL115728WENTU
22.597143850685544,88.4717313759794,2025-03-18T11:18:01+05:30,Route1,ERQL115728WENTU
22.597301804952462,88.47161830982304,2025-03-18T11:18:11+05:30,Route1,ERQL115728WENTU
22.597518050313806,88.47150265985692,2025-03-18T11:18:21+05:30,Route1,ERQL115728WENTU
22.59781161081593,88.47140243156139,2025-03-18T11:18:31+05:30,Route1,ERQL115728WENTU
22.59808482973212,88.47121626705587,2025-03-18T11:18:41+05:30,Route1,ERQL115728WENTU
22.598452833736594,88.47134911781382,2025-03-18T11:18:51+05:30,Route1,ERQL115728WENTU
22.59893241544579,88.47097307653553,2025-03-18T11:19:01+05:30,Route1,ERQL115728WENTU
22.599122162339672,88.47087287722786,2025-03-18T11:19:11+05:30,Route1,ERQL115728WENTU
22.599439094712746,88.47081827398165,2025-03-18T11:19:21+05:30,Route1,ERQL115728WENTU
22.59975112811184,88.47077337448047,2025-03-18T11:19:31+05:30,Route1,ERQL115728WENTU
22.600171372904633,88.47064251349047,2025-03-18T11:19:41+05:30,Route1,ERQL115728WENTU
22.600724142805184,88.47044106868213,2025-03-18T11:19:51+05:30,Route1,ERQL115728WENTU
22.601129392882893,88.47029304535431,2025-03-18T11:20:01+05:30,Route1,ERQL115728WENTU
22.601461891314347,88.47022961453649,2025-03-18T11:20:11+05:30,Route1,ERQL115728WENTU
22.601752515559255,88.47011471542851,2025-03-18T11:20:21+05:30,Route1,ERQL115728WENTU
22.602304482792377,88.469838750637,2025-03-18T11:20:31+05:30,Route1,ERQL115728WENTU
22.602792561439465,88.46980668078277,2025-03-18T11:20:41+05:30,Route1,ERQL115728WENTU
22.603299815598636,88.46965878772858,2025-03-18T11:20:51+05:30,Route1,ERQL115728WENTU
22.603391466768496,88.46959876948301,2025-03-18T11:21:01+05:30,Route1,ERQL115728WENTU
22.603828818073794,88.46943660575903,2025-03-18T11:21:11+05:30,Route1,ERQL115728WENTU
22.604290727097563,88.46919693969198,2025-03-18T11:21:21+05:30,Route1,ERQL115728WENTU
22.604897874580367,88.46909236334409,2025-03-18T11:21:31+05:30,Route1,ERQL115728WENTU
22.60501963187632,88.46906437017083,2025-03-18T11:21:41+05:30,Route1,ERQL115728WENTU
22.60547387967013,88.46888704929131,2025-03-18T11:21:51+05:30,Route1,ERQL115728WENTU
22.605807838448445,88.46881615500706,2025-03-18T11:22:01+05:30,Route1,ERQL115728WENTU
22.606119834900607,88.46866232297612,2025-03-18T11:22:11+05:30,Route1,ERQL115728WENTU
22.606286169080803,88.46860999375326,2025-03-18T11:22:21+05:30,Route1,ERQL115728WENTU
22.6066412371001,88.46859563510509,2025-03-18T11:22:31+05:30,Route1,ERQL115728WENTU
22.60726408990449,88.46828863385554,2025-03-18T11:22:41+05:30,Route1,ERQL115728WENTU
22.607629759998076,88.46819467001933,2025-03-18T11:22:51+05:30,Route1,ERQL115728WENTU
22.608062028520568,88.46807643084207,2025-03-18T11:23:01+05:30,Route1,ERQL115728WENTU
22.60851040909068,88.46788131774338,2025-03-18T11:23:11+05:30,Route1,ERQL115728WENTU
22.608909716054868,88.46776664340814,2025-03-18T11:23:21+05:30,Route1,ERQL115728WENTU
22.60939996743524,88.46753835408958,2025-03-18T11:23:31+05:30,Route1,ERQL115728WENTU
22.609743565139635,88.46743088238236,2025-03-18T11:23:41+05:30,Route1,ERQL115728WENTU
22.61054412820883,88.46728773611278,2025-03-18T11:23:51+05:30,Route1,ERQL115728WENTU
22.61083108247098,88.46711224467799,2025-03-18T11:24:01+05:30,Route1,ERQL115728WENTU
22.611303668548707,88.46698152545548,2025-03-18T11:24:11+05:30,Route1,ERQL115728WENTU
22.611599534812157,88.46683597008553,2025-03-18T11:24:21+05:30,Route1,ERQL115728WENTU
22.612136256728476,88.46667248334393,2025-03-18T11:24:31+05:30,Route1,ERQL115728WENTU
22.612441495169097,88.46659066740676,2025-03-18T11:24:41+05:30,Route1,ERQL115728WENTU
22.61260277870563,88.46654115607521,2025-03-18T11:24:51+05:30,Route1,ERQL115728WENTU
22.61258049539134,88.4665351487381,2025-03-18T11:25:01+05:30,Route1,ERQL115728WENTU
22.612961075676267,88.46634657502136,2025-03-18T11:25:11+05:30,Route1,ERQL115728WENTU
22.61319229808711,88.46624205202033,2025-03-18T11:25:21+05:30,Route1,ERQL115728WENTU
22.613512072431163,88.46629526058302,2025-03-18T11:25:31+05:30,Route1,ERQL115728WENTU
22.613622286583063,88.46619043183387,2025-03-18T11:25:41+05:30,Route1,ERQL115728WENTU
22.61388443868382,88.46604046491984,2025-03-18T11:25:51+05:30,Route1,ERQL115728WENTU
22.614365606245453,88.46599891249434,2025-03-18T11:26:01+05:30,Route1,ERQL115728WENTU
22.614883062863974,88.46587134698666,2025-03-18T11:26:11+05:30,Route1,ERQL115728WENTU
22.615097276263466,88.46568787555998,2025-03-18T11:26:21+05:30,Route1,ERQL115728WENTU
22.615521600513272,88.46550514636294,2025-03-18T11:26:31+05:30,Route1,ERQL115728WENTU
22.615858783473886,88.46539755129334,2025-03-18T11:26:41+05:30,Route1,ERQL115728WENTU
22.616438158696873,88.4652000717208,2025-03-18T11:26:51+05:30,Route1,ERQL115728WENTU
22.616543567230433,88.4652777988299,2025-03-18T11:27:01+05:30,Route1,ERQL115728WENTU
22.61678948107742,88.46524135415427,2025-03-18T11:27:11+05:30,Route1,ERQL115728WENTU
22.617048547118582,88.46504578875272,2025-03-18T11:27:21+05:30,Route1,ERQL115728WENTU
22.61727768514251,88.4649978475818,2025-03-18T11:27:31+05:30,Route1,ERQL115728WENTU
22.617773781112476,88.46485970918957,2025-03-18T11:27:41+05:30,Route1,ERQL115728WENTU
22.617829501029338,88.46483798109307,2025-03-18T11:27:51+05:30,Route1,ERQL115728WENTU
22.61814620306319,88.46470971440601,2025-03-18T11:28:01+05:30,Route1,ERQL115728WENTU
22.618324698495854,88.46454654786942,2025-03-18T11:28:11+05:30,Route1,ERQL115728WENTU
22.618497966466343,88.46450898604064,2025-03-18T11:28:21+05:30,Route1,ERQL115728WENTU
22.618566835459802,88.46422931236214,2025-03-18T11:28:31+05:30,Route1,ERQL115728WENTU
22.61859395590834,88.4638396578664,2025-03-18T11:28:41+05:30,Route1,ERQL115728WENTU
22.618745120830678,88.46333062014503,2025-03-18T11:28:51+05:30,Route1,ERQL115728WENTU
22.61887214120926,88.46279133218593,2025-03-18T11:29:01+05:30,Route1,ERQL115728WENTU
22.618924229307716,88.46255516703866,2025-03-18T11:29:11+05:30,Route1,ERQL115728WENTU
22.61902987443694,88.4624790238463,2025-03-18T11:29:21+05:30,Route1,ERQL115728WENTU
22.618900042167702,88.46225406005897,2025-03-18T11:29:31+05:30,Route1,ERQL115728WENTU
22.619197069982015,88.46177066779751,2025-03-18T11:29:41+05:30,Route1,ERQL115728WENTU
22.619123840042256,88.46168769232884,2025-03-18T11:29:51+05:30,Route1,ERQL115728WENTU
22.619298012040236,88.46105681381584,2025-03-18T11:30:01+05:30,Route1,ERQL115728WENTU
22.619370593726817,88.46064885485453,2025-03-18T11:30:11+05:30,Route1,ERQL115728WENTU
22.619513404814885,88.45999411675928,2025-03-18T11:30:21+05:30,Route1,ERQL115728WENTU
22.619637759911164,88.45957548922854,2025-03-18T11:30:31+05:30,Route1,ERQL115728WENTU
22.619763076613197,88.45902362547861,2025-03-18T11:30:41+05:30,Route1,ERQL115728WENTU
22.61971056541573,88.45888992064545,2025-03-18T11:30:51+05:30,Route1,ERQL115728WENTU
22.61986940166002,88.4586187800295,2025-03-18T11:31:01+05:30,Route1,ERQL115728WENTU
22.619886088404694,88.45849497647055,2025-03-18T11:31:11+05:30,Route1,ERQL115728WENTU
22.619998554496245,88.45815189024893,2025-03-18T11:31:21+05:30,Route1,ERQL115728WENTU
22.6199931699608,88.45768781197944,2025-03-18T11:31:31+05:30,Route1,ERQL115728WENTU
22.620091218365186,88.45756559886456,2025-03-18T11:31:41+05:30,Route1,ERQL115728WENTU
22.620224114404333,88.45696274309739,2025-03-18T11:31:51+05:30,Route1,ERQL115728WENTU
22.620336082144135,88.45639537943089,2025-03-18T11:32:01+05:30,Route1,ERQL115728WENTU
22.620600793694706,88.4555516904453,2025-03-18T11:32:11+05:30,Route1,ERQL115728WENTU
22.62068128004268,88.45518353109912,2025-03-18T11:32:21+05:30,Route1,ERQL115728WENTU
22.620723141669085,88.45489421538662,2025-03-18T11:32:31+05:30,Route1,ERQL115728WENTU
22.620681070991967,88.45470298918553,2025-03-18T11:32:41+05:30,Route1,ERQL115728WENTU
22.62084631593725,88.45435843383223,2025-03-18T11:32:51+05:30,Route1,ERQL115728WENTU
22.620936763418456,88.45378798073057,2025-03-18T11:33:01+05:30,Route1,ERQL115728WENTU
22.621042026715525,88.45358582413746,2025-03-18T11:33:11+05:30,Route1,ERQL115728WENTU
22.621107110418553,88.45336186404143,2025-03-18T11:33:21+05:30,Route1,ERQL115728WENTU
22.62119762174579,88.45280916031493,2025-03-18T11:33:31+05:30,Route1,ERQL115728WENTU
22.62138721557306,88.45218635158426,2025-03-18T11:33:41+05:30,Route1,ERQL115728WENTU
22.62146046623335,88.45159520330662,2025-03-18T11:33:51+05:30,Route1,ERQL115728WENTU
22.621546422090464,88.45149977159508,2025-03-18T11:34:01+05:30,Route1,ERQL115728WENTU
22.621615225133066,88.45081368450587,2025-03-18T11:34:11+05:30,Route1,ERQL115728WENTU
22.621677367991165,88.45073294311874,2025-03-18T11:34:21+05:30,Route1,ERQL115728WENTU
22.621835781154875,88.4502568261995,2025-03-18T11:34:31+05:30,Route1,ERQL115728WENTU
22.621924372610675,88.44973106790803,2025-03-18T11:34:41+05:30,Route1,ERQL115728WENTU
22.621949166174097,88.4495936107287,2025-03-18T11:34:51+05:30,Route1,ERQL115728WENTU
22.622009516128937,88.44918197793834,2025-03-18T11:35:01+05:30,Route1,ERQL115728WENTU
22.622162979438112,88.4486540477426,2025-03-18T11:35:11+05:30,Route1,ERQL115728WENTU
22.62230516865865,88.44795292042102,2025-03-18T11:35:21+05:30,Route1,ERQL115728WENTU
22.622464384819853,88.44748151577073,2025-03-18T11:35:31+05:30,Route1,ERQL115728WENTU
22.622466883301403,88.44710600243832,2025-03-18T11:35:41+05:30,Route1,ERQL115728WENTU
22.62264321184409,88.44693736496015,2025-03-18T11:35:51+05:30,Route1,ERQL115728WENTU
22.62258859551245,88.44686309270958,2025-03-18T11:36:01+05:30,Route1,ERQL115728WENTU
22.62262312672477,88.44651835908769,2025-03-18T11:36:11+05:30,Route1,ERQL115728WENTU
22.622826310762004,88.4458520216275,2025-03-18T11:36:21+05:30,Route1,ERQL115728WENTU
22.622826386205887,88.44550987297578,2025-03-18T11:36:31+05:30,Route1,ERQL115728WENTU
22.622933109606677,88.44495729419657,2025-03-18T11:36:41+05:30,Route1,ERQL115728WENTU
22.6230363489334,88.44482094550312,2025-03-18T11:36:51+05:30,Route1,ERQL115728WENTU
22.623103288501444,88.44467501789245,2025-03-18T11:37:01+05:30,Route1,ERQL115728WENTU
22.623180425751347,88.44439783043572,2025-03-18T11:37:11+05:30,Route1,ERQL115728WENTU
22.623316023728606,88.4436801921263,2025-03-18T11:37:21+05:30,Route1,ERQL115728WENTU
22.623536851107485,88.44310493226726,2025-03-18T11:37:31+05:30,Route1,ERQL115728WENTU
22.623597797157828,88.44260829207496,2025-03-18T11:37:41+05:30,Route1,ERQL115728WENTU
22.62377583144342,88.44200420664606,2025-03-18T11:37:51+05:30,Route1,ERQL115728WENTU
22.623749125559005,88.44190641019475,2025-03-18T11:38:01+05:30,Route1,ERQL115728WENTU
22.623846372797036,88.44135315448034,2025-03-18T11:38:11+05:30,Route1,ERQL115728WENTU
22.623921768909867,88.44097137567371,2025-03-18T11:38:21+05:30,Route1,ERQL115728WENTU
22.623990392817124,88.4404667867633,2025-03-18T11:38:31+05:30,Route1,ERQL115728WENTU
22.624211156051956,88.44028548876872,2025-03-18T11:38:41+05:30,Route1,ERQL115728WENTU
22.624094605939746,88.4403050284767,2025-03-18T11:38:51+05:30,Route1,ERQL115728WENTU
22.62419998482709,88.44000565509214,2025-03-18T11:39:01+05:30,Route1,ERQL115728WENTU
22.624454664473234,88.43960057570428,2025-03-18T11:39:11+05:30,Route1,ERQL115728WENTU
22.624417138261997,88.43909307418221,2025-03-18T11:39:21+05:30,Route1,ERQL115728WENTU
22.62471252189753,88.43872531537465,2025-03-18T11:39:31+05:30,Route1,ERQL115728WENTU
22.62486834429273,88.43854336984782,2025-03-18T11:39:41+05:30,Route1,ERQL115728WENTU
22.625006634406724,88.438013594793,2025-03-18T11:39:51+05:30,Route1,ERQL115728WENTU
22.625179637134867,88.43751239689959,2025-03-18T11:40:01+05:30,Route1,ERQL115728WENTU
22.62533847843504,88.43707394593582,2025-03-18T11:40:11+05:30,Route1,ERQL115728WENTU
22.62545694214822,88.43667149479802,2025-03-18T11:40:21+05:30,Route1,ERQL115728WENTU
22.625601622877067,88.43611365156676,2025-03-18T11:40:31+05:30,Route1,ERQL115728WENTU
22.62584863177379,88.43564565577344,2025-03-18T11:40:41+05:30,Route1,ERQL115728WENTU
22.625985505581834,88.43533080568216,2025-03-18T11:40:51+05:30,Route1,ERQL115728WENTU
22.626025515401665,88.4348975049154,2025-03-18T11:41:01+05:30,Route1,ERQL115728WENTU
22.626252586261653,88.43462740774692,2025-03-18T11:41:11+05:30,Route1,ERQL115728WENTU
22.626403500529,88.43420711574367,2025-03-18T11:41:21+05:30,Route1,ERQL115728WENTU
22.626612650069454,88.43384481980581,2025-03-18T11:41:31+05:30,Route1,ERQL115728WENTU
22.62661970097635,88.4336536286387,2025-03-18T11:41:41+05:30,Route1,ERQL115728WENTU
22.626724915217192,88.43322884613622,2025-03-18T11:41:51+05:30,Route1,ERQL115728WENTU
22.6267889061146,88.43316059783513,2025-03-18T11:42:01+05:30,Route1,ERQL115728WENTU
22.627432839538805,88.43313609793256,2025-03-18T11:42:11+05:30,Route1,ERQL115728WENTU
22.627768240334063,88.43303200775608,2025-03-18T11:42:21+05:30,Route1,ERQL115728WENTU
22.62806870042748,88.4329499957164,2025-03-18T11:42:31+05:30,Route1,ERQL115728WENTU
22.628392768808922,88.43297525243531,2025-03-18T11:42:41+05:30,Route1,ERQL115728WENTU
22.62892824605941,88.43292840378012,2025-03-18T11:42:51+05:30,Route1,ERQL115728WENTU
22.629264465517508,88.43280122506144,2025-03-18T11:43:01+05:30,Route1,ERQL115728WENTU
22.6294298448451,88.4327550317712,2025-03-18T11:43:11+05:30,Route1,ERQL115728WENTU
22.629796570791477,88.43275923932345,2025-03-18T11:43:21+05:30,Route1,ERQL115728WENTU
22.630223267252738,88.43276019263055,2025-03-18T11:43:31+05:30,Route1,ERQL115728WENTU
22.63072547005839,88.43264995915308,2025-03-18T11:43:41+05:30,Route1,ERQL115728WENTU
22.63124904286286,88.4327397241608,2025-03-18T11:43:51+05:30,Route1,ERQL115728WENTU
22.631835356183053,88.43261347159273,2025-03-18T11:44:01+05:30,Route1,ERQL115728WENTU
22.632326611514625,88.43256591882778,2025-03-18T11:44:11+05:30,Route1,ERQL115728WENTU
22.632447192906707,88.43265760009012,2025-03-18T11:44:21+05:30,Route1,ERQL115728WENTU
22.632731767977976,88.43247095271124,2025-03-18T11:44:31+05:30,Route1,ERQL115728WENTU
22.63326234902633,88.43247761440125,2025-03-18T11:44:41+05:30,Route1,ERQL115728WENTU
22.63344148166373,88.43231614007072,2025-03-18T11:44:51+05:30,Route1,ERQL115728WENTU
22.633920869940614,88.43238574462362,2025-03-18T11:45:01+05:30,Route1,ERQL115728WENTU
22.634303471693652,88.43232891103594,2025-03-18T11:45:11+05:30,Route1,ERQL115728WENTU
22.63463824483864,88.43238036826597,2025-03-18T11:45:21+05:30,Route1,ERQL115728WENTU
22.634667206490917,88.43230716809546,2025-03-18T11:45:31+05:30,Route1,ERQL115728WENTU
22.6349388333159,88.43225873118308,2025-03-18T11:45:41+05:30,Route1,ERQL115728WENTU
22.63559498826939,88.43223846499257,2025-03-18T11:45:51+05:30,Route1,ERQL115728WENTU
22.636092007235263,88.43230986298283,2025-03-18T11:46:01+05:30,Route1,ERQL115728WENTU
22.63640808299483,88.43210176142384,2025-03-18T11:46:11+05:30,Route1,ERQL115728WENTU
22.63686440306223,88.43203791246242,2025-03-18T11:46:21+05:30,Route1,ERQL115728WENTU
22.63689047956023,88.43206929717803,2025-03-18T11:46:31+05:30,Route1,ERQL115728WENTU
22.637295610295702,88.43203183644266,2025-03-18T11:46:41+05:30,Route1,ERQL115728WENTU
22.637552453998293,88.43204642603848,2025-03-18T11:46:51+05:30,Route1,ERQL115728WENTU
22.637882172364804,88.4319574337643,2025-03-18T11:47:01+05:30,Route1,ERQL115728WENTU
22.637972433777673,88.43191987054774,2025-03-18T11:47:11+05:30,Route1,ERQL115728WENTU
22.63827819726095,88.4319282348531,2025-03-18T11:47:21+05:30,Route1,ERQL115728WENTU
22.638848493417573,88.4318516044151,2025-03-18T11:47:31+05:30,Route1,ERQL115728WENTU
22.63931284919181,88.43183407370145,2025-03-18T11:47:41+05:30,Route1,ERQL115728WENTU
22.63989002846579,88.4317511396572,2025-03-18T11:47:51+05:30,Route1,ERQL115728WENTU
22.63996739739639,88.43178585449789,2025-03-18T11:48:01+05:30,Route1,ERQL115728WENTU
22.640344566748833,88.43175316470104,2025-03-18T11:48:11+05:30,Route1,ERQL115728WENTU
22.641019997818393,88.43175661250211,2025-03-18T11:48:21+05:30,Route1,ERQL115728WENTU
22.641435172972535,88.43156204448417,2025-03-18T11:48:31+05:30,Route1,ERQL115728WENTU
22.64148470487248,88.43147712803955,2025-03-18T11:48:41+05:30,Route1,ERQL115728WENTU
22.64143087724056,88.43149482384388,2025-03-18T11:48:51+05:30,Route1,ERQL115728WENTU
22.641618404039956,88.43114439046985,2025-03-18T11:49:01+05:30,Route1,ERQL115728WENTU
22.641968708340546,88.43063065970546,2025-03-18T11:49:11+05:30,Route1,ERQL115728WENTU
22.642196378758513,88.4301548146625,2025-03-18T11:49:21+05:30,Route1,ERQL115728WENTU
22.642307142777625,88.42993372910837,2025-03-18T11:49:31+05:30,Route1,ERQL115728WENTU
22.64249136729743,88.42948618572416,2025-03-18T11:49:41+05:30,Route1,ERQL115728WENTU
22.642596714953935,88.42904071533451,2025-03-18T11:49:51+05:30,Route1,ERQL115728WENTU
22.642776802830113,88.42883248989483,2025-03-18T11:50:01+05:30,Route1,ERQL115728WENTU
22.643035806754213,88.42844778923518,2025-03-18T11:50:11+05:30,Route1,ERQL115728WENTU
22.64331343255077,88.4278377931812,2025-03-18T11:50:21+05:30,Route1,ERQL115728WENTU
22.64351639257419,88.42732669521183,2025-03-18T11:50:31+05:30,Route1,ERQL115728WENTU
22.643810608825365,88.42685133450459,2025-03-18T11:50:41+05:30,Route1,ERQL115728WENTU
22.64399087961495,88.42656753451206,2025-03-18T11:50:51+05:30,Route1,ERQL115728WENTU
22.644088210108233,88.4263300165129,2025-03-18T11:51:01+05:30,Route1,ERQL115728WENTU
22.644285102623144,88.4256547098837,2025-03-18T11:51:11+05:30,Route1,ERQL115728WENTU
22.644489689105104,88.42537464245049,2025-03-18T11:51:21+05:30,Route1,ERQL115728WENTU
22.64452052124573,88.4252987749137,2025-03-18T11:51:31+05:30,Route1,ERQL115728WENTU
22.64458445284321,88.42508080429764,2025-03-18T11:51:41+05:30,Route1,ERQL115728WENTU
22.644570940451942,88.42506182578336,2025-03-18T11:51:51+05:30,Route1,ERQL115728WENTU
22.64481907380204,88.42473140232357,2025-03-18T11:52:01+05:30,Route1,ERQL115728WENTU
22.644952924389877,88.42442201382062,2025-03-18T11:52:11+05:30,Route1,ERQL115728WENTU
22.645136442142245,88.42388098427705,2025-03-18T11:52:21+05:30,Route1,ERQL115728WENTU
22.645367311863968,88.423450507354,2025-03-18T11:52:31+05:30,Route1,ERQL115728WENTU
22.645540461846377,88.42320198468417,2025-03-18T11:52:41+05:30,Route1,ERQL115728WENTU
22.645674676374725,88.4227522179333,2025-03-18T11:52:51+05:30,Route1,ERQL115728WENTU
22.645839648398994,88.42244526284696,2025-03-18T11:53:01+05:30,Route1,ERQL115728WENTU
22.64603911353392,88.42211236262915,2025-03-18T11:53:11+05:30,Route1,ERQL115728WENTU
22.64627885281304,88.42148419261855,2025-03-18T11:53:21+05:30,Route1,ERQL115728WENTU
22.646482576430383,88.42117506402326,2025-03-18T11:53:31+05:30,Route1,ERQL115728WENTU
22.646456466930424,88.4210156566794,2025-03-18T11:53:41+05:30,Route1,ERQL115728WENTU
22.64660609339182,88.42077151236333,2025-03-18T11:53:51+05:30,Route1,ERQL115728WENTU
22.646709385558854,88.42042795479074,2025-03-18T11:54:01+05:30,Route1,ERQL115728WENTU
22.647064968781887,88.42015157244873,2025-03-18T11:54:11+05:30,Route1,ERQL115728WENTU
22.647231281337277,88.41966017755317,2025-03-18T11:54:21+05:30,Route1,ERQL115728WENTU
22.64730257483941,88.4192915852824,2025-03-18T11:54:31+05:30,Route1,ERQL115728WENTU
22.64754337801283,88.41899869419308,2025-03-18T11:54:41+05:30,Route1,ERQL115728WENTU
22.647599427212896,88.41878071766041,2025-03-18T11:54:51+05:30,Route1,ERQL115728WENTU
22.647796421088,88.41859642935742,2025-03-18T11:55:01+05:30,Route1,ERQL115728WENTU
22.64786907306781,88.41820740930234,2025-03-18T11:55:11+05:30,Route1,ERQL115728WENTU
22.648025509776968,88.41814868189806,2025-03-18T11:55:21+05:30,Route1,ERQL115728WENTU
22.648051732234425,88.41786390678135,2025-03-18T11:55:31+05:30,Route1,ERQL115728WENTU
22.648167493113256,88.41758419084044,2025-03-18T11:55:41+05:30,Route1,ERQL115728WENTU
22.64831519050588,88.41733037187248,2025-03-18T11:55:51+05:30,Route1,ERQL115728WENTU
22.648434798211763,88.4169708103982,2025-03-18T11:56:01+05:30,Route1,ERQL115728WENTU
22.648504764483274,88.41683314884892,2025-03-18T11:56:11+05:30,Route1,ERQL115728WENTU
22.648629624461147,88.41671738596301,2025-03-18T11:56:21+05:30,Route1,ERQL115728WENTU
22.648793392510996,88.41633103931485,2025-03-18T11:56:31+05:30,Route1,ERQL115728WENTU
22.64880977456421,88.41618125252103,2025-03-18T11:56:41+05:30,Route1,ERQL115728WENTU
22.648899402867563,88.4160113023703,2025-03-18T11:56:51+05:30,Route1,ERQL115728WENTU
22.64905474811528,88.41563142478606,2025-03-18T11:57:01+05:30,Route1,ERQL115728WENTU
22.649293863121745,88.41539696465804,2025-03-18T11:57:11+05:30,Route1,ERQL115728WENTU
22.64939090049318,88.41499964282741,2025-03-18T11:57:21+05:30,Route1,ERQL115728WENTU
22.649480214557443,88.4150429163052,2025-03-18T11:57:31+05:30,Route1,ERQL115728WENTU
22.64955064990234,88.41498226201918,2025-03-18T11:57:41+05:30,Route1,ERQL115728WENTU
22.649606022830948,88.41483353904732,2025-03-18T11:57:51+05:30,Route1,ERQL115728WENTU
22.649749905619817,88.41432380574633,2025-03-18T11:58:01+05:30,Route1,ERQL115728WENTU
22.64989420869012,88.41398443842922,2025-03-18T11:58:11+05:30,Route1,ERQL115728WENTU
22.6500316071874,88.41396599429038,2025-03-18T11:58:21+05:30,Route1,ERQL115728WENTU
22.65014952443176,88.4133965469698,2025-03-18T11:58:31+05:30,Route1,ERQL115728WENTU
22.650388399690637,88.41299694586007,2025-03-18T11:58:41+05:30,Route1,ERQL115728WENTU
22.65049857615932,88.41260246032493,2025-03-18T11:58:51+05:30,Route1,ERQL115728WENTU
22.6507668662198,88.41203879307193,2025-03-18T11:59:01+05:30,Route1,ERQL115728WENTU
22.6508687995167,88.41189857800487,2025-03-18T11:59:11+05:30,Route1,ERQL115728WENTU
22.65104440356919,88.41166541382267,2025-03-18T11:59:21+05:30,Route1,ERQL115728WENTU
22.651145200910257,88.41135139794778,2025-03-18T11:59:31+05:30,Route1,ERQL115728WENTU
22.651408709260465,88.41082967454292,2025-03-18T11:59:41+05:30,Route1,ERQL115728WENTU
22.65153298965918,88.41066696255575,2025-03-18T11:59:51+05:30,Route1,ERQL115728WENTU
22.651673638979034,88.41027373761574,2025-03-18T12:00:01+05:30,Route1,ERQL115728WENTU
22.65171345518905,88.41016443515832,2025-03-18T12:00:11+05:30,Route1,ERQL115728WENTU
22.65175879061154,88.410080691281,2025-03-18T12:00:21+05:30,Route1,ERQL115728WENTU
22.652092867822432,88.40946867446394,2025-03-18T12:00:31+05:30,Route1,ERQL115728WENTU
22.65224193346843,88.4092033954937,2025-03-18T12:00:41+05:30,Route1,ERQL115728WENTU
22.65242081327476,88.40892667998605,2025-03-18T12:00:51+05:30,Route1,ERQL115728WENTU
22.652379212794365,88.4087443538358,2025-03-18T12:01:01+05:30,Route1,ERQL115728WENTU
22.65239905254367,88.40861045672659,2025-03-18T12:01:11+05:30,Route1,ERQL115728WENTU
22.65255694393846,88.40842697606854,2025-03-18T12:01:21+05:30,Route1,ERQL115728WENTU
22.65259050190582,88.40806032432863,2025-03-18T12:01:31+05:30,Route1,ERQL115728WENTU
22.65250075121396,88.40776874756887,2025-03-18T12:01:41+05:30,Route1,ERQL115728WENTU
22.652322985040506,88.40714016285915,2025-03-18T12:01:51+05:30,Route1,ERQL115728WENTU
22.652239886883066,88.40696315516698,2025-03-18T12:02:01+05:30,Route1,ERQL115728WENTU
22.652084101493656,88.4064711236806,2025-03-18T12:02:11+05:30,Route1,ERQL115728WENTU
22.652182621014113,88.40612749864374,2025-03-18T12:02:21+05:30,Route1,ERQL115728WENTU
22.65202851791464,88.405719535765,2025-03-18T12:02:31+05:30,Route1,ERQL115728WENTU
22.652037694855306,88.405307843645,2025-03-18T12:02:41+05:30,Route1,ERQL115728WENTU
22.652015495594974,88.40517754527332,2025-03-18T12:02:51+05:30,Route1,ERQL115728WENTU
22.651852767459797,88.40449567272447,2025-03-18T12:03:01+05:30,Route1,ERQL115728WENTU
22.651690257307592,88.40416872979426,2025-03-18T12:03:11+05:30,Route1,ERQL115728WENTU
22.65156281808004,88.40398261676296,2025-03-18T12:03:21+05:30,Route1,ERQL115728WENTU
22.651624199909854,88.4038803841554,2025-03-18T12:03:31+05:30,Route1,ERQL115728WENTU
22.65148663809859,88.40334394551667,2025-03-18T12:03:41+05:30,Route1,ERQL115728WENTU
22.651379132591806,88.40273109782208,2025-03-18T12:03:51+05:30,Route1,ERQL115728WENTU
22.65132301567345,88.40235698987726,2025-03-18T12:04:01+05:30,Route1,ERQL115728WENTU
22.651151605751956,88.40167373934355,2025-03-18T12:04:11+05:30,Route1,ERQL115728WENTU
22.651160902262493,88.40164721021938,2025-03-18T12:04:21+05:30,Route1,ERQL115728WENTU
22.65108792159151,88.4013749884773,2025-03-18T12:04:31+05:30,Route1,ERQL115728WENTU
22.651054889815686,88.4006954979933,2025-03-18T12:04:41+05:30,Route1,ERQL115728WENTU
22.65090786580683,88.40049220654782,2025-03-18T12:04:51+05:30,Route1,ERQL115728WENTU
22.65082886887742,88.40015366532782,2025-03-18T12:05:01+05:30,Route1,ERQL115728WENTU
22.65071928571663,88.39984671278523,2025-03-18T12:05:11+05:30,Route1,ERQL115728WENTU
22.650785500723497,88.39978471820928,2025-03-18T12:05:21+05:30,Route1,ERQL115728WENTU
22.6506400231628,88.39921727097772,2025-03-18T12:05:31+05:30,Route1,ERQL115728WENTU
22.650579502555843,88.3988823366825,2025-03-18T12:05:41+05:30,Route1,ERQL115728WENTU
22.650434417201662,88.39845792406845,2025-03-18T12:05:51+05:30,Route1,ERQL115728WENTU
22.650407911284876,88.39810384234022,2025-03-18T12:06:01+05:30,Route1,ERQL115728WENTU
22.65040838336145,88.39766697589914,2025-03-18T12:06:11+05:30,Route1,ERQL115728WENTU
22.65017964389748,88.39704137364276,2025-03-18T12:06:21+05:30,Route1,ERQL115728WENTU
22.65001398454662,88.39646622767827,2025-03-18T12:06:31+05:30,Route1,ERQL115728WENTU
22.650010125875184,88.39598723261736,2025-03-18T12:06:41+05:30,Route1,ERQL115728WENTU
22.64980350796955,88.395297039365,2025-03-18T12:06:51+05:30,Route1,ERQL115728WENTU
22.649597685431946,88.39474531251994,2025-03-18T12:07:01+05:30,Route1,ERQL115728WENTU
22.649604298855586,88.39458211509373,2025-03-18T12:07:11+05:30,Route1,ERQL115728WENTU
22.649776994799012,88.39392847420572,2025-03-18T12:07:21+05:30,Route1,ERQL115728WENTU
22.64988349357379,88.3936681866212,2025-03-18T12:07:31+05:30,Route1,ERQL115728WENTU
22.65013089017659,88.3931877942398,2025-03-18T12:07:41+05:30,Route1,ERQL115728WENTU
22.65009691696654,88.39275596694404,2025-03-18T12:07:51+05:30,Route1,ERQL115728WENTU
22.650128995614597,88.39238124198982,2025-03-18T12:08:01+05:30,Route1,ERQL115728WENTU
22.650394207246876,88.39188656534327,2025-03-18T12:08:11+05:30,Route1,ERQL115728WENTU
22.65022303739699,88.39187843077309,2025-03-18T12:08:21+05:30,Route1,ERQL115728WENTU
22.650340775027992,88.39166863538571,2025-03-18T12:08:31+05:30,Route1,ERQL115728WENTU
22.650391294790975,88.39144403784792,2025-03-18T12:08:41+05:30,Route1,ERQL115728WENTU
22.650495682058164,88.3911263301361,2025-03-18T12:08:51+05:30,Route1,ERQL115728WENTU
22.650509804563924,88.39067722733114,2025-03-18T12:09:01+05:30,Route1,ERQL115728WENTU
22.650644498804883,88.39045784557118,2025-03-18T12:09:11+05:30,Route1,ERQL115728WENTU
22.65080352544517,88.39022287342209,2025-03-18T12:09:21+05:30,Route1,ERQL115728WENTU
22.65092932763058,88.38956656178755,2025-03-18T12:09:31+05:30,Route1,ERQL115728WENTU
22.650874011394745,88.38955562036676,2025-03-18T12:09:41+05:30,Route1,ERQL115728WENTU
22.650960328974318,88.38901062142611,2025-03-18T12:09:51+05:30,Route1,ERQL115728WENTU
22.651089283048353,88.38864553545022,2025-03-18T12:10:01+05:30,Route1,ERQL115728WENTU
22.651158137866396,88.38842344901809,2025-03-18T12:10:11+05:30,Route1,ERQL115728WENTU
22.651257425021175,88.38792190168522,2025-03-18T12:10:21+05:30,Route1,ERQL115728WENTU
22.65128406855407,88.38776741531376,2025-03-18T12:10:31+05:30,Route1,ERQL115728WENTU
22.651340895645948,88.3875929171545,2025-03-18T12:10:41+05:30,Route1,ERQL115728WENTU
22.65150865197841,88.38689916009082,2025-03-18T12:10:51+05:30,Route1,ERQL115728WENTU
22.65178179493887,88.38612150895688,2025-03-18T12:11:01+05:30,Route1,ERQL115728WENTU
22.651785167771287,88.3860170186017,2025-03-18T12:11:11+05:30,Route1,ERQL115728WENTU
22.651696715090935,88.38575156787306,2025-03-18T12:11:21+05:30,Route1,ERQL115728WENTU
22.65189927042917,88.38546738498133,2025-03-18T12:11:31+05:30,Route1,ERQL115728WENTU
22.651897322792436,88.38523884654558,2025-03-18T12:11:41+05:30,Route1,ERQL115728WENTU
22.652003864416447,88.38475718050427,2025-03-18T12:11:51+05:30,Route1,ERQL115728WENTU
22.65224067308248,88.38415059357635,2025-03-18T12:12:01+05:30,Route1,ERQL115728WENTU
22.65223224886532,88.38396602413343,2025-03-18T12:12:11+05:30,Route1,ERQL115728WENTU
22.652379866512234,88.3835541136209,2025-03-18T12:12:21+05:30,Route1,ERQL115728WENTU
22.6524519117121,88.38322475274401,2025-03-18T12:12:31+05:30,Route1,ERQL115728WENTU
22.652466574039366,88.38281185748792,2025-03-18T12:12:41+05:30,Route1,ERQL115728WENTU
22.65253490653794,88.38221373806027,2025-03-18T12:12:51+05:30,Route1,ERQL115728WENTU
22.65278327114425,88.38176413962913,2025-03-18T12:13:01+05:30,Route1,ERQL115728WENTU
22.652947462518192,88.3814075376265,2025-03-18T12:13:11+05:30,Route1,ERQL115728WENTU
22.652919517630476,88.38089937724294,2025-03-18T12:13:21+05:30,Route1,ERQL115728WENTU
22.65309889447023,88.38025151246734,2025-03-18T12:13:31+05:30,Route1,ERQL115728WENTU
22.653109601306785,88.38027475028161,2025-03-18T12:13:41+05:30,Route1,ERQL115728WENTU
22.65320177003985,88.37956604798524,2025-03-18T12:13:51+05:30,Route1,ERQL115728WENTU
22.653307921831853,88.37915419732349,2025-03-18T12:14:01+05:30,Route1,ERQL115728WENTU
22.653555160450342,88.37848175861097,2025-03-18T12:14:11+05:30,Route1,ERQL115728WENTU
22.6535515025885,88.3781547084019,2025-03-18T12:14:21+05:30,Route1,ERQL115728WENTU
22.653778160596396,88.3775098768358,2025-03-18T12:14:31+05:30,Route1,ERQL115728WENTU
22.653733003817766,88.37742073610696,2025-03-18T12:14:41+05:30,Route1,ERQL115728WENTU
22.653738939325695,88.37693796825806,2025-03-18T12:14:51+05:30,Route1,ERQL115728WENTU
22.653742232559598,88.37664587496488,2025-03-18T12:15:01+05:30,Route1,ERQL115728WENTU
22.65372679692254,88.37653250707069,2025-03-18T12:15:11+05:30,Route1,ERQL115728WENTU
22.653665219055938,88.37603650566939,2025-03-18T12:15:21+05:30,Route1,ERQL115728WENTU
22.653797725294268,88.37557136101532,2025-03-18T12:15:31+05:30,Route1,ERQL115728WENTU
22.653679450775762,88.37507956505442,2025-03-18T12:15:41+05:30,Route1,ERQL115728WENTU
22.653650001193476,88.3747120084281,2025-03-18T12:15:51+05:30,Route1,ERQL115728WENTU
22.653580400478738,88.37455592947845,2025-03-18T12:16:01+05:30,Route1,ERQL115728WENTU
22.6536271936863,88.374175631806,2025-03-18T12:16:11+05:30,Route1,ERQL115728WENTU
22.65364589946044,88.37373503963681,2025-03-18T12:16:21+05:30,Route1,ERQL115728WENTU
22.653620320036318,88.37317875852534,2025-03-18T12:16:31+05:30,Route1,ERQL115728WENTU
22.653573415842608,88.37274671632417,2025-03-18T12:16:41+05:30,Route1,ERQL115728WENTU
22.653526207425436,88.37240805210058,2025-03-18T12:16:51+05:30,Route1,ERQL115728WENTU
22.653492383220367,88.37194666235928,2025-03-18T12:17:01+05:30,Route1,ERQL115728WENTU
22.65347211389047,88.37171071154717,2025-03-18T12:17:11+05:30,Route1,ERQL115728WENTU
22.653548028722536,88.37101527211018,2025-03-18T12:17:21+05:30,Route1,ERQL115728WENTU
22.653533304476376,88.37063128088539,2025-03-18T12:17:31+05:30,Route1,ERQL115728WENTU
22.653411540381345,88.37027331288914,2025-03-18T12:17:41+05:30,Route1,ERQL115728WENTU
22.653456133734842,88.37002973909398,2025-03-18T12:17:51+05:30,Route1,ERQL115728WENTU
22.653435722246712,88.36938060589716,2025-03-18T12:18:01+05:30,Route1,ERQL115728WENTU
22.653404113498272,88.36929226832535,2025-03-18T12:18:11+05:30,Route1,ERQL115728WENTU
22.653478951447003,88.36859105133135,2025-03-18T12:18:21+05:30,Route1,ERQL115728WENTU
22.653431173804663,88.36822879850615,2025-03-18T12:18:31+05:30,Route1,ERQL115728WENTU
22.65336689036105,88.36804811403545,2025-03-18T12:18:41+05:30,Route1,ERQL115728WENTU
22.653360581306107,88.36788519688446,2025-03-18T12:18:51+05:30,Route1,ERQL115728WENTU
22.653350608920594,88.36765091735526,2025-03-18T12:19:01+05:30,Route1,ERQL115728WENTU
22.65335784674216,88.36752356221155,2025-03-18T12:19:11+05:30,Route1,ERQL115728WENTU
22.65335424772603,88.36741436202306,2025-03-18T12:19:21+05:30,Route1,ERQL115728WENTU
22.653444554193932,88.36711920760683,2025-03-18T12:19:31+05:30,Route1,ERQL115728WENTU
22.653298098913083,88.3663783677564,2025-03-18T12:19:41+05:30,Route1,ERQL115728WENTU
22.65338155971232,88.36613441767224,2025-03-18T12:19:51+05:30,Route1,ERQL115728WENTU
22.65322704176332,88.3659127489118,2025-03-18T12:20:01+05:30,Route1,ERQL115728WENTU
22.653206900893448,88.36549130979984,2025-03-18T12:20:11+05:30,Route1,ERQL115728WENTU
22.65320339275698,88.36482526155942,2025-03-18T12:20:21+05:30,Route1,ERQL115728WENTU
22.653139488163518,88.36429224439928,2025-03-18T12:20:31+05:30,Route1,ERQL115728WENTU
22.653141297708252,88.36397039975338,2025-03-18T12:20:41+05:30,Route1,ERQL115728WENTU
22.65313669717906,88.36347480138932,2025-03-18T12:20:51+05:30,Route1,ERQL115728WENTU
22.65316921156386,88.3630430859447,2025-03-18T12:21:01+05:30,Route1,ERQL115728WENTU
22.65305857407166,88.36251684991203,2025-03-18T12:21:11+05:30,Route1,ERQL115728WENTU
22.653091276551734,88.36200928922221,2025-03-18T12:21:21+05:30,Route1,ERQL115728WENTU
22.653060212451543,88.36178348733824,2025-03-18T12:21:31+05:30,Route1,ERQL115728WENTU
22.65306952449679,88.36105733750765,2025-03-18T12:21:41+05:30,Route1,ERQL115728WENTU
22.653083390215933,88.36087950494243,2025-03-18T12:21:51+05:30,Route1,ERQL115728WENTU
22.652995944380983,88.36051961171688,2025-03-18T12:22:01+05:30,Route1,ERQL115728WENTU
22.652956601525,88.35998404277882,2025-03-18T12:22:11+05:30,Route1,ERQL115728WENTU
22.652997889182505,88.3596402433393,2025-03-18T12:22:21+05:30,Route1,ERQL115728WENTU
